sale_date,client_id,plate_type_id,quantity,unit_price,payment_method,invoice_number
2024-11-09,1,5,378,1.44,Crédito,FAC-20241109-314
2024-11-09,1,5,151,1.44,Tarjeta,FAC-20241109-766
2024-11-09,5,3,39,2.86,Efectivo,FAC-20241109-580
2024-11-10,2,4,66,3.24,Efectivo,FAC-20241110-736
2024-11-10,1,3,290,2.24,Tarjeta,FAC-20241110-456
2024-11-10,4,4,338,2.24,Transferencia,FAC-20241110-540
2024-11-10,2,2,47,3.14,Transferencia,FAC-20241110-529
2024-11-10,1,2,139,2.4,Tarjeta,FAC-20241110-176
2024-11-10,2,4,78,3.14,Efectivo,FAC-20241110-684
2024-11-10,4,1,268,1.75,Transferencia,FAC-20241110-901
2024-11-10,5,3,36,2.84,Crédito,FAC-20241110-730
2024-11-11,3,5,25,1.7,Transferencia,FAC-20241111-148
2024-11-11,5,4,69,3.42,Crédito,FAC-20241111-927
2024-11-11,1,5,216,1.44,Crédito,FAC-20241111-811
2024-11-11,5,3,78,2.94,Transferencia,FAC-20241111-313
2024-11-11,4,4,280,2.24,Efectivo,FAC-20241111-551
2024-11-11,5,3,86,2.94,Transferencia,FAC-20241111-765
2024-11-11,3,3,27,2.93,Tarjeta,FAC-20241111-715
2024-11-12,1,1,213,2.0,Tarjeta,FAC-20241112-380
2024-11-12,1,5,171,1.44,Tarjeta,FAC-20241112-169
2024-11-12,5,2,44,2.9,Tarjeta,FAC-20241112-209
2024-11-12,3,2,29,2.76,Efectivo,FAC-20241112-469
2024-11-13,2,5,54,1.92,Efectivo,FAC-20241113-656
2024-11-13,4,1,80,1.75,Transferencia,FAC-20241113-124
2024-11-13,4,4,472,2.24,Tarjeta,FAC-20241113-791
2024-11-13,2,5,77,1.77,Transferencia,FAC-20241113-493
2024-11-13,2,2,47,2.75,Crédito,FAC-20241113-114
2024-11-13,5,4,52,3.19,Efectivo,FAC-20241113-431
2024-11-14,5,1,62,2.26,Crédito,FAC-20241114-440
2024-11-14,5,1,96,2.66,Transferencia,FAC-20241114-234
2024-11-14,2,4,35,3.09,Crédito,FAC-20241114-943
2024-11-15,1,2,127,2.4,Crédito,FAC-20241115-709
2024-11-15,1,5,451,1.44,Transferencia,FAC-20241115-305
2024-11-15,5,3,67,2.52,Transferencia,FAC-20241115-683
2024-11-15,3,5,49,1.72,Transferencia,FAC-20241115-264
2024-11-15,4,3,329,1.96,Tarjeta,FAC-20241115-162
2024-11-15,2,3,40,2.92,Crédito,FAC-20241115-149
2024-11-15,1,2,335,2.4,Tarjeta,FAC-20241115-915
2024-11-15,5,2,29,2.75,Efectivo,FAC-20241115-939
2024-11-15,4,2,175,2.1,Crédito,FAC-20241115-480
2024-11-15,2,5,62,1.97,Transferencia,FAC-20241115-874
2024-11-16,4,2,156,2.1,Efectivo,FAC-20241116-735
2024-11-16,5,5,19,1.86,Crédito,FAC-20241116-236
2024-11-16,3,3,34,2.53,Tarjeta,FAC-20241116-134
2024-11-16,5,1,28,2.54,Efectivo,FAC-20241116-149
2024-11-16,2,3,67,2.86,Efectivo,FAC-20241116-106
2024-11-16,2,2,51,2.96,Transferencia,FAC-20241116-310
2024-11-16,4,4,449,2.24,Efectivo,FAC-20241116-849
2024-11-16,5,1,14,2.32,Crédito,FAC-20241116-260
2024-11-16,1,5,83,1.44,Tarjeta,FAC-20241116-105
2024-11-17,5,4,20,2.88,Transferencia,FAC-20241117-390
2024-11-17,2,2,32,3.14,Efectivo,FAC-20241117-531
2024-11-17,4,5,291,1.26,Crédito,FAC-20241117-894
2024-11-18,2,4,54,3.44,Crédito,FAC-20241118-726
2024-11-18,3,4,37,3.37,Efectivo,FAC-20241118-500
2024-11-18,5,1,13,2.26,Tarjeta,FAC-20241118-293
2024-11-18,4,3,498,1.96,Transferencia,FAC-20241118-640
2024-11-18,4,3,179,1.96,Transferencia,FAC-20241118-699
2024-11-18,2,4,34,3.01,Transferencia,FAC-20241118-373
2024-11-18,1,4,219,2.56,Efectivo,FAC-20241118-901
2024-11-18,5,3,51,2.62,Efectivo,FAC-20241118-136
2024-11-19,2,5,91,1.72,Transferencia,FAC-20241119-721
2024-11-19,3,3,67,2.8,Crédito,FAC-20241119-151
2024-11-19,1,5,107,1.44,Tarjeta,FAC-20241119-665
2024-11-19,1,1,82,2.0,Transferencia,FAC-20241119-945
2024-11-19,1,1,496,2.0,Tarjeta,FAC-20241119-780
2024-11-19,4,4,139,2.24,Tarjeta,FAC-20241119-523
2024-11-19,4,5,95,1.26,Efectivo,FAC-20241119-574
2024-11-20,2,5,92,1.82,Efectivo,FAC-20241120-840
2024-11-20,2,2,73,3.18,Crédito,FAC-20241120-927
2024-11-20,4,5,361,1.26,Transferencia,FAC-20241120-623
2024-11-21,4,3,379,1.96,Transferencia,FAC-20241121-989
2024-11-21,1,1,406,2.0,Efectivo,FAC-20241121-957
2024-11-21,3,4,26,3.42,Crédito,FAC-20241121-226
2024-11-22,4,3,241,1.96,Tarjeta,FAC-20241122-323
2024-11-22,3,2,23,3.12,Efectivo,FAC-20241122-223
2024-11-22,2,3,21,2.54,Tarjeta,FAC-20241122-674
2024-11-23,4,4,179,2.24,Transferencia,FAC-20241123-498
2024-11-23,1,1,362,2.0,Efectivo,FAC-20241123-770
2024-11-23,1,5,59,1.44,Tarjeta,FAC-20241123-869
2024-11-24,3,2,51,3.07,Transferencia,FAC-20241124-954
2024-11-24,4,5,267,1.26,Efectivo,FAC-20241124-616
2024-11-24,5,1,51,2.59,Tarjeta,FAC-20241124-518
2024-11-24,1,5,202,1.44,Efectivo,FAC-20241124-290
2024-11-24,3,5,55,1.64,Efectivo,FAC-20241124-339
2024-11-24,2,4,85,3.51,Tarjeta,FAC-20241124-964
2024-11-25,1,2,270,2.4,Efectivo,FAC-20241125-237
2024-11-25,1,4,190,2.56,Crédito,FAC-20241125-666
2024-11-25,3,5,70,1.92,Tarjeta,FAC-20241125-793
2024-11-25,4,2,268,2.1,Transferencia,FAC-20241125-506
2024-11-25,1,4,295,2.56,Transferencia,FAC-20241125-493
2024-11-25,4,1,366,1.75,Crédito,FAC-20241125-103
2024-11-25,5,2,62,3.18,Crédito,FAC-20241125-527
2024-11-25,4,3,71,1.96,Crédito,FAC-20241125-707
2024-11-25,4,4,326,2.24,Transferencia,FAC-20241125-665
2024-11-26,4,5,245,1.26,Tarjeta,FAC-20241126-815
2024-11-26,1,3,499,2.24,Crédito,FAC-20241126-157
2024-11-26,5,4,76,3.37,Transferencia,FAC-20241126-293
2024-11-26,4,2,487,2.1,Crédito,FAC-20241126-585
2024-11-26,4,5,193,1.26,Transferencia,FAC-20241126-990
2024-11-26,2,5,63,1.68,Efectivo,FAC-20241126-151
2024-11-26,2,1,47,2.42,Efectivo,FAC-20241126-670
2024-11-26,4,1,252,1.75,Transferencia,FAC-20241126-942
2024-11-26,5,1,35,2.73,Tarjeta,FAC-20241126-552
2024-11-27,1,5,296,1.44,Efectivo,FAC-20241127-311
2024-11-27,4,3,458,1.96,Tarjeta,FAC-20241127-497
2024-11-27,4,5,342,1.26,Tarjeta,FAC-20241127-317
2024-11-28,1,4,473,2.56,Efectivo,FAC-20241128-310
2024-11-28,5,4,69,3.48,Transferencia,FAC-20241128-642
2024-11-28,2,1,34,2.34,Efectivo,FAC-20241128-131
2024-11-28,2,5,55,1.92,Tarjeta,FAC-20241128-674
2024-11-28,3,1,18,2.56,Crédito,FAC-20241128-171
2024-11-28,4,4,92,2.24,Tarjeta,FAC-20241128-114
2024-11-28,1,3,66,2.24,Tarjeta,FAC-20241128-115
2024-11-28,1,3,248,2.24,Transferencia,FAC-20241128-575
2024-11-29,5,5,42,1.65,Tarjeta,FAC-20241129-234
2024-11-29,1,3,278,2.24,Transferencia,FAC-20241129-671
2024-11-29,2,1,53,2.46,Crédito,FAC-20241129-729
2024-11-30,4,1,316,1.75,Tarjeta,FAC-20241130-894
2024-11-30,4,4,485,2.24,Efectivo,FAC-20241130-312
2024-11-30,5,1,91,2.66,Tarjeta,FAC-20241130-637
2024-11-30,1,5,244,1.44,Tarjeta,FAC-20241130-865
2024-11-30,2,2,39,2.76,Tarjeta,FAC-20241130-626
2024-11-30,5,5,47,1.92,Crédito,FAC-20241130-537
2024-11-30,2,5,72,1.68,Tarjeta,FAC-20241130-572
2024-11-30,2,1,39,2.74,Tarjeta,FAC-20241130-579
2024-12-01,2,5,46,1.78,Crédito,FAC-20241201-103
2024-12-01,1,3,456,2.24,Crédito,FAC-20241201-116
2024-12-01,2,4,92,3.43,Transferencia,FAC-20241201-746
2024-12-01,5,2,72,3.23,Transferencia,FAC-20241201-698
2024-12-01,5,3,29,2.63,Transferencia,FAC-20241201-789
2024-12-01,5,1,92,2.25,Efectivo,FAC-20241201-527
2024-12-01,3,5,41,1.7,Crédito,FAC-20241201-980
2024-12-01,4,3,332,1.96,Tarjeta,FAC-20241201-678
2024-12-01,2,1,24,2.47,Transferencia,FAC-20241201-621
2024-12-01,4,2,175,2.1,Tarjeta,FAC-20241201-750
2024-12-02,5,2,65,3.21,Crédito,FAC-20241202-775
2024-12-02,1,1,314,2.0,Transferencia,FAC-20241202-258
2024-12-02,4,5,303,1.26,Transferencia,FAC-20241202-509
2024-12-03,2,4,19,3.38,Tarjeta,FAC-20241203-456
2024-12-03,1,3,351,2.24,Crédito,FAC-20241203-914
2024-12-03,2,5,64,1.8,Efectivo,FAC-20241203-676
2024-12-03,3,1,33,2.4,Crédito,FAC-20241203-791
2024-12-03,4,2,53,2.1,Transferencia,FAC-20241203-195
2024-12-03,2,3,74,2.52,Crédito,FAC-20241203-580
2024-12-03,5,3,17,2.72,Transferencia,FAC-20241203-885
2024-12-03,1,2,139,2.4,Efectivo,FAC-20241203-817
2024-12-04,3,5,12,1.85,Crédito,FAC-20241204-693
2024-12-04,1,4,473,2.56,Efectivo,FAC-20241204-310
2024-12-04,5,3,59,2.9,Efectivo,FAC-20241204-840
2024-12-04,2,3,43,2.96,Transferencia,FAC-20241204-449
2024-12-04,1,3,467,2.24,Crédito,FAC-20241204-835
2024-12-05,5,1,30,2.61,Tarjeta,FAC-20241205-305
2024-12-05,2,3,18,2.81,Tarjeta,FAC-20241205-226
2024-12-05,1,2,407,2.4,Transferencia,FAC-20241205-437
2024-12-05,2,4,82,2.99,Efectivo,FAC-20241205-205
2024-12-05,5,5,82,1.87,Transferencia,FAC-20241205-448
2024-12-06,3,4,88,3.01,Tarjeta,FAC-20241206-270
2024-12-06,4,4,417,2.24,Crédito,FAC-20241206-169
2024-12-06,2,5,59,1.66,Crédito,FAC-20241206-158
2024-12-07,4,5,453,1.26,Transferencia,FAC-20241207-582
2024-12-07,4,5,192,1.26,Tarjeta,FAC-20241207-776
2024-12-07,5,4,60,3.19,Efectivo,FAC-20241207-697
2024-12-07,2,5,100,1.94,Transferencia,FAC-20241207-962
2024-12-07,1,5,149,1.44,Transferencia,FAC-20241207-361
2024-12-07,2,1,90,2.45,Transferencia,FAC-20241207-832
2024-12-07,1,2,451,2.4,Tarjeta,FAC-20241207-270
2024-12-08,4,2,291,2.1,Efectivo,FAC-20241208-266
2024-12-08,4,4,412,2.24,Efectivo,FAC-20241208-345
2024-12-08,3,3,33,2.83,Crédito,FAC-20241208-930
2024-12-09,4,2,211,2.1,Efectivo,FAC-20241209-381
2024-12-09,4,5,313,1.26,Transferencia,FAC-20241209-590
2024-12-09,1,2,342,2.4,Tarjeta,FAC-20241209-149
2024-12-09,1,1,209,2.0,Efectivo,FAC-20241209-579
2024-12-09,3,3,27,2.6,Crédito,FAC-20241209-965
2024-12-09,2,1,55,2.67,Tarjeta,FAC-20241209-538
2024-12-10,3,4,55,3.35,Tarjeta,FAC-20241210-460
2024-12-10,5,3,94,2.78,Efectivo,FAC-20241210-579
2024-12-10,4,5,386,1.26,Efectivo,FAC-20241210-170
2024-12-10,3,1,99,2.35,Transferencia,FAC-20241210-106
2024-12-10,3,3,15,2.84,Tarjeta,FAC-20241210-570
2024-12-10,4,3,384,1.96,Efectivo,FAC-20241210-962
2024-12-11,1,1,217,2.0,Tarjeta,FAC-20241211-236
2024-12-11,5,5,71,1.68,Tarjeta,FAC-20241211-788
2024-12-11,4,2,147,2.1,Tarjeta,FAC-20241211-496
2024-12-11,2,3,83,3.01,Transferencia,FAC-20241211-206
2024-12-11,5,4,21,3.13,Efectivo,FAC-20241211-536
2024-12-12,3,4,69,3.03,Transferencia,FAC-20241212-161
2024-12-12,4,4,270,2.24,Crédito,FAC-20241212-805
2024-12-12,2,2,76,3.01,Tarjeta,FAC-20241212-559
2024-12-12,5,4,51,3.18,Tarjeta,FAC-20241212-889
2024-12-12,3,3,47,2.88,Tarjeta,FAC-20241212-297
2024-12-12,1,1,137,2.0,Crédito,FAC-20241212-443
2024-12-12,2,2,46,2.77,Crédito,FAC-20241212-188
2024-12-12,5,1,62,2.65,Crédito,FAC-20241212-143
2024-12-12,3,3,64,2.85,Transferencia,FAC-20241212-880
2024-12-13,1,5,323,1.44,Tarjeta,FAC-20241213-419
2024-12-13,3,5,89,1.68,Transferencia,FAC-20241213-180
2024-12-13,2,5,59,1.89,Crédito,FAC-20241213-644
2024-12-13,1,1,136,2.0,Transferencia,FAC-20241213-960
2024-12-14,1,2,190,2.4,Crédito,FAC-20241214-829
2024-12-14,4,4,293,2.24,Tarjeta,FAC-20241214-738
2024-12-14,3,1,84,2.39,Crédito,FAC-20241214-991
2024-12-14,1,2,366,2.4,Tarjeta,FAC-20241214-826
2024-12-14,5,4,69,3.44,Efectivo,FAC-20241214-163
2024-12-15,2,5,94,1.78,Crédito,FAC-20241215-584
2024-12-15,5,4,81,3.22,Tarjeta,FAC-20241215-616
2024-12-15,5,5,40,1.82,Transferencia,FAC-20241215-716
2024-12-15,1,2,356,2.4,Tarjeta,FAC-20241215-918
2024-12-15,4,3,174,1.96,Tarjeta,FAC-20241215-781
2024-12-15,3,4,70,3.35,Transferencia,FAC-20241215-130
2024-12-15,2,5,39,1.7,Crédito,FAC-20241215-501
2024-12-15,1,4,334,2.56,Transferencia,FAC-20241215-150
2024-12-16,4,3,473,1.96,Transferencia,FAC-20241216-127
2024-12-16,1,5,60,1.44,Transferencia,FAC-20241216-174
2024-12-16,3,3,41,2.82,Efectivo,FAC-20241216-830
2024-12-16,5,5,52,1.77,Transferencia,FAC-20241216-833
2024-12-16,1,4,186,2.56,Crédito,FAC-20241216-557
2024-12-16,1,1,159,2.0,Crédito,FAC-20241216-754
2024-12-16,1,2,447,2.4,Efectivo,FAC-20241216-362
2024-12-16,2,4,46,2.96,Transferencia,FAC-20241216-267
2024-12-16,1,4,194,2.56,Transferencia,FAC-20241216-651
2024-12-17,4,1,458,1.75,Tarjeta,FAC-20241217-872
2024-12-17,1,1,338,2.0,Efectivo,FAC-20241217-902
2024-12-17,3,3,91,2.71,Efectivo,FAC-20241217-426
2024-12-17,3,2,77,2.87,Tarjeta,FAC-20241217-682
2024-12-17,3,4,81,3.12,Efectivo,FAC-20241217-173
2024-12-17,2,3,62,2.63,Transferencia,FAC-20241217-206
2024-12-17,2,4,14,3.45,Crédito,FAC-20241217-249
2024-12-17,1,2,288,2.4,Efectivo,FAC-20241217-949
2024-12-17,4,1,134,1.75,Tarjeta,FAC-20241217-812
2024-12-17,1,3,155,2.24,Tarjeta,FAC-20241217-308
2024-12-18,1,5,145,1.44,Tarjeta,FAC-20241218-384
2024-12-18,3,3,91,2.72,Tarjeta,FAC-20241218-158
2024-12-18,4,4,306,2.24,Crédito,FAC-20241218-418
2024-12-18,4,5,88,1.26,Crédito,FAC-20241218-161
2024-12-18,5,2,61,2.78,Tarjeta,FAC-20241218-619
2024-12-18,3,1,39,2.61,Tarjeta,FAC-20241218-638
2024-12-18,3,5,72,1.83,Crédito,FAC-20241218-176
2024-12-18,3,3,61,2.87,Efectivo,FAC-20241218-873
2024-12-19,2,1,86,2.72,Transferencia,FAC-20241219-818
2024-12-19,1,4,272,2.56,Tarjeta,FAC-20241219-985
2024-12-19,5,2,97,2.81,Transferencia,FAC-20241219-200
2024-12-19,3,5,38,1.77,Transferencia,FAC-20241219-669
2024-12-19,5,1,47,2.72,Efectivo,FAC-20241219-643
2024-12-20,2,4,40,3.31,Crédito,FAC-20241220-853
2024-12-20,5,5,94,1.94,Tarjeta,FAC-20241220-201
2024-12-20,5,2,75,2.89,Crédito,FAC-20241220-769
2024-12-20,3,5,39,1.85,Tarjeta,FAC-20241220-341
2024-12-20,3,1,94,2.72,Efectivo,FAC-20241220-997
2024-12-20,4,3,332,1.96,Efectivo,FAC-20241220-419
2024-12-20,3,4,35,3.18,Transferencia,FAC-20241220-834
2024-12-20,1,3,97,2.24,Transferencia,FAC-20241220-457
2024-12-20,2,5,72,1.66,Efectivo,FAC-20241220-599
2024-12-21,1,4,141,2.56,Tarjeta,FAC-20241221-672
2024-12-21,5,3,25,2.9,Transferencia,FAC-20241221-998
2024-12-21,5,4,92,2.96,Transferencia,FAC-20241221-879
2024-12-21,5,3,77,2.7,Transferencia,FAC-20241221-401
2024-12-21,4,3,174,1.96,Tarjeta,FAC-20241221-161
2024-12-22,5,2,16,2.98,Transferencia,FAC-20241222-808
2024-12-22,4,3,191,1.96,Efectivo,FAC-20241222-645
2024-12-22,2,3,61,2.91,Crédito,FAC-20241222-110
2024-12-22,3,4,16,3.17,Crédito,FAC-20241222-685
2024-12-23,5,4,57,3.17,Tarjeta,FAC-20241223-348
2024-12-23,4,2,324,2.1,Efectivo,FAC-20241223-607
2024-12-23,3,5,48,1.91,Crédito,FAC-20241223-961
2024-12-23,3,1,61,2.38,Tarjeta,FAC-20241223-908
2024-12-23,1,3,146,2.24,Tarjeta,FAC-20241223-642
2024-12-23,4,4,102,2.24,Crédito,FAC-20241223-321
2024-12-23,3,2,30,3.13,Crédito,FAC-20241223-889
2024-12-23,1,3,372,2.24,Crédito,FAC-20241223-532
2024-12-24,2,5,62,1.9,Transferencia,FAC-20241224-615
2024-12-24,2,1,65,2.61,Crédito,FAC-20241224-520
2024-12-24,5,2,20,3.29,Tarjeta,FAC-20241224-865
2024-12-24,5,3,27,2.53,Crédito,FAC-20241224-526
2024-12-24,1,4,367,2.56,Crédito,FAC-20241224-762
2024-12-24,5,4,79,3.19,Tarjeta,FAC-20241224-703
2024-12-24,2,5,87,1.96,Transferencia,FAC-20241224-405
2024-12-25,3,4,72,3.43,Transferencia,FAC-20241225-149
2024-12-25,4,3,370,1.96,Transferencia,FAC-20241225-398
2024-12-25,2,5,91,1.78,Transferencia,FAC-20241225-207
2024-12-25,3,3,32,2.95,Efectivo,FAC-20241225-287
2024-12-25,2,2,54,2.76,Tarjeta,FAC-20241225-195
2024-12-25,5,4,26,3.12,Tarjeta,FAC-20241225-311
2024-12-25,4,2,232,2.1,Crédito,FAC-20241225-532
2024-12-26,4,2,171,2.1,Transferencia,FAC-20241226-269
2024-12-26,2,3,18,3.08,Tarjeta,FAC-20241226-335
2024-12-26,4,1,299,1.75,Efectivo,FAC-20241226-849
2024-12-26,2,3,37,2.57,Efectivo,FAC-20241226-867
2024-12-26,1,2,425,2.4,Efectivo,FAC-20241226-575
2024-12-26,1,3,150,2.24,Tarjeta,FAC-20241226-855
2024-12-26,5,2,33,2.76,Tarjeta,FAC-20241226-799
2024-12-27,1,1,484,2.0,Transferencia,FAC-20241227-699
2024-12-27,2,5,61,1.93,Transferencia,FAC-20241227-690
2024-12-27,1,1,96,2.0,Transferencia,FAC-20241227-806
2024-12-27,3,1,63,2.66,Transferencia,FAC-20241227-744
2024-12-28,4,2,206,2.1,Tarjeta,FAC-20241228-860
2024-12-28,4,1,321,1.75,Transferencia,FAC-20241228-239
2024-12-28,1,5,350,1.44,Tarjeta,FAC-20241228-911
2024-12-28,5,3,69,2.62,Tarjeta,FAC-20241228-782
2024-12-28,2,5,15,1.87,Crédito,FAC-20241228-689
2024-12-28,5,1,48,2.44,Crédito,FAC-20241228-846
2024-12-28,3,3,90,2.88,Tarjeta,FAC-20241228-452
2024-12-28,3,4,46,2.94,Crédito,FAC-20241228-584
2024-12-28,3,5,88,1.9,Tarjeta,FAC-20241228-707
2024-12-28,4,1,147,1.75,Transferencia,FAC-20241228-344
2024-12-29,5,1,52,2.53,Efectivo,FAC-20241229-642
2024-12-29,2,4,48,3.29,Efectivo,FAC-20241229-959
2024-12-29,5,2,22,2.97,Efectivo,FAC-20241229-419
2024-12-29,1,5,54,1.44,Tarjeta,FAC-20241229-951
2024-12-29,4,3,268,1.96,Efectivo,FAC-20241229-904
2024-12-29,4,3,251,1.96,Efectivo,FAC-20241229-719
2024-12-29,1,3,498,2.24,Efectivo,FAC-20241229-384
2024-12-29,3,1,86,2.54,Efectivo,FAC-20241229-385
2024-12-29,3,4,17,3.34,Crédito,FAC-20241229-868
2024-12-29,3,4,20,3.4,Tarjeta,FAC-20241229-747
2024-12-30,4,1,306,1.75,Transferencia,FAC-20241230-622
2024-12-30,5,4,55,3.11,Tarjeta,FAC-20241230-454
2024-12-30,3,3,35,2.67,Efectivo,FAC-20241230-246
2024-12-30,1,1,84,2.0,Tarjeta,FAC-20241230-664
2024-12-30,3,3,13,2.82,Tarjeta,FAC-20241230-784
2024-12-30,1,2,427,2.4,Transferencia,FAC-20241230-215
2024-12-30,4,5,472,1.26,Crédito,FAC-20241230-699
2024-12-30,2,2,39,2.85,Efectivo,FAC-20241230-339
2024-12-31,3,3,42,2.71,Tarjeta,FAC-20241231-380
2024-12-31,5,5,90,1.85,Efectivo,FAC-20241231-236
2024-12-31,5,1,54,2.45,Tarjeta,FAC-20241231-556
2024-12-31,1,1,73,2.0,Tarjeta,FAC-20241231-509
2024-12-31,2,1,11,2.73,Transferencia,FAC-20241231-537
2024-12-31,4,4,78,2.24,Transferencia,FAC-20241231-836
2024-12-31,2,3,37,3.04,Transferencia,FAC-20241231-758
2025-01-01,5,4,46,3.29,Crédito,FAC-20250101-770
2025-01-01,3,4,85,3.22,Tarjeta,FAC-20250101-406
2025-01-01,4,3,396,1.96,Transferencia,FAC-20250101-203
2025-01-01,5,1,24,2.53,Tarjeta,FAC-20250101-106
2025-01-01,3,4,81,2.99,Crédito,FAC-20250101-409
2025-01-01,5,4,33,3.12,Efectivo,FAC-20250101-875
2025-01-01,4,5,280,1.26,Transferencia,FAC-20250101-439
2025-01-01,4,3,462,1.96,Transferencia,FAC-20250101-138
2025-01-01,2,3,26,2.68,Crédito,FAC-20250101-927
2025-01-01,2,4,47,3.0,Efectivo,FAC-20250101-704
2025-01-02,5,2,93,3.12,Tarjeta,FAC-20250102-352
2025-01-02,3,1,38,2.29,Crédito,FAC-20250102-236
2025-01-02,2,3,79,2.99,Tarjeta,FAC-20250102-671
2025-01-03,3,5,35,1.72,Crédito,FAC-20250103-745
2025-01-03,3,2,27,2.76,Tarjeta,FAC-20250103-646
2025-01-03,1,3,245,2.24,Efectivo,FAC-20250103-604
2025-01-03,1,5,201,1.44,Transferencia,FAC-20250103-172
2025-01-03,2,1,38,2.45,Efectivo,FAC-20250103-264
2025-01-03,2,4,97,3.51,Tarjeta,FAC-20250103-257
2025-01-04,1,3,480,2.24,Efectivo,FAC-20250104-202
2025-01-04,4,1,120,1.75,Transferencia,FAC-20250104-203
2025-01-04,1,5,55,1.44,Efectivo,FAC-20250104-334
2025-01-04,1,1,479,2.0,Transferencia,FAC-20250104-654
2025-01-04,1,4,186,2.56,Transferencia,FAC-20250104-499
2025-01-04,3,5,97,1.65,Crédito,FAC-20250104-283
2025-01-04,2,2,36,2.85,Transferencia,FAC-20250104-811
2025-01-04,4,2,57,2.1,Transferencia,FAC-20250104-690
2025-01-05,4,3,147,1.96,Transferencia,FAC-20250105-592
2025-01-05,4,5,344,1.26,Transferencia,FAC-20250105-460
2025-01-05,3,4,86,2.99,Transferencia,FAC-20250105-720
2025-01-05,5,3,67,2.66,Efectivo,FAC-20250105-743
2025-01-05,2,1,79,2.35,Tarjeta,FAC-20250105-319
2025-01-06,4,2,426,2.1,Transferencia,FAC-20250106-772
2025-01-06,4,4,144,2.24,Efectivo,FAC-20250106-391
2025-01-06,1,5,203,1.44,Transferencia,FAC-20250106-582
2025-01-06,4,4,382,2.24,Tarjeta,FAC-20250106-671
2025-01-06,1,5,316,1.44,Crédito,FAC-20250106-977
2025-01-06,2,5,81,1.84,Transferencia,FAC-20250106-692
2025-01-06,3,5,97,1.87,Tarjeta,FAC-20250106-356
2025-01-07,1,3,297,2.24,Crédito,FAC-20250107-536
2025-01-07,2,3,14,2.57,Transferencia,FAC-20250107-360
2025-01-07,1,4,223,2.56,Efectivo,FAC-20250107-289
2025-01-07,3,1,75,2.37,Crédito,FAC-20250107-211
2025-01-07,3,2,30,3.15,Crédito,FAC-20250107-171
2025-01-07,5,2,89,3.07,Tarjeta,FAC-20250107-102
2025-01-08,3,2,99,3.26,Transferencia,FAC-20250108-993
2025-01-08,3,2,46,3.01,Crédito,FAC-20250108-117
2025-01-08,5,4,69,3.19,Transferencia,FAC-20250108-596
2025-01-08,2,2,89,3.04,Crédito,FAC-20250108-213
2025-01-08,5,4,16,2.98,Transferencia,FAC-20250108-361
2025-01-09,3,5,72,1.93,Crédito,FAC-20250109-182
2025-01-09,4,4,317,2.24,Crédito,FAC-20250109-642
2025-01-09,5,3,22,2.94,Transferencia,FAC-20250109-644
2025-01-09,1,2,410,2.4,Tarjeta,FAC-20250109-226
2025-01-10,1,1,466,2.0,Efectivo,FAC-20250110-179
2025-01-10,2,1,76,2.35,Crédito,FAC-20250110-980
2025-01-10,3,4,10,3.22,Tarjeta,FAC-20250110-191
2025-01-10,1,5,80,1.44,Transferencia,FAC-20250110-438
2025-01-10,2,5,21,1.79,Efectivo,FAC-20250110-339
2025-01-11,5,5,16,1.75,Transferencia,FAC-20250111-963
2025-01-11,2,3,85,2.76,Crédito,FAC-20250111-704
2025-01-11,3,2,70,3.27,Efectivo,FAC-20250111-630
2025-01-11,2,4,48,2.92,Efectivo,FAC-20250111-431
2025-01-11,3,4,98,3.39,Efectivo,FAC-20250111-476
2025-01-11,2,1,49,2.73,Crédito,FAC-20250111-261
2025-01-11,4,5,252,1.26,Efectivo,FAC-20250111-196
2025-01-11,2,2,83,2.82,Crédito,FAC-20250111-697
2025-01-11,2,5,78,1.76,Crédito,FAC-20250111-358
2025-01-12,5,5,27,1.77,Crédito,FAC-20250112-455
2025-01-12,2,5,85,1.77,Efectivo,FAC-20250112-808
2025-01-12,4,5,75,1.26,Crédito,FAC-20250112-759
2025-01-12,2,2,67,3.14,Crédito,FAC-20250112-661
2025-01-12,5,4,61,3.4,Crédito,FAC-20250112-458
2025-01-13,1,3,228,2.24,Transferencia,FAC-20250113-605
2025-01-13,4,2,492,2.1,Transferencia,FAC-20250113-315
2025-01-13,4,1,75,1.75,Efectivo,FAC-20250113-997
2025-01-13,3,5,44,1.76,Crédito,FAC-20250113-317
2025-01-13,2,5,94,1.9,Crédito,FAC-20250113-201
2025-01-13,1,4,451,2.56,Transferencia,FAC-20250113-934
2025-01-13,4,2,103,2.1,Crédito,FAC-20250113-245
2025-01-13,1,1,384,2.0,Transferencia,FAC-20250113-152
2025-01-13,5,1,37,2.51,Transferencia,FAC-20250113-696
2025-01-13,2,5,98,1.67,Crédito,FAC-20250113-899
2025-01-14,5,2,58,3.29,Tarjeta,FAC-20250114-875
2025-01-14,4,5,142,1.26,Transferencia,FAC-20250114-817
2025-01-14,4,5,325,1.26,Tarjeta,FAC-20250114-673
2025-01-14,1,3,346,2.24,Tarjeta,FAC-20250114-436
2025-01-14,1,2,479,2.4,Tarjeta,FAC-20250114-127
2025-01-14,4,2,380,2.1,Transferencia,FAC-20250114-177
2025-01-14,4,4,228,2.24,Efectivo,FAC-20250114-367
2025-01-14,3,3,88,2.96,Tarjeta,FAC-20250114-233
2025-01-15,2,3,59,2.65,Efectivo,FAC-20250115-625
2025-01-15,1,4,52,2.56,Transferencia,FAC-20250115-249
2025-01-15,4,5,88,1.26,Transferencia,FAC-20250115-383
2025-01-15,2,1,28,2.31,Efectivo,FAC-20250115-790
2025-01-15,1,1,50,2.0,Efectivo,FAC-20250115-866
2025-01-15,5,5,84,1.8,Efectivo,FAC-20250115-934
2025-01-15,5,5,99,1.64,Efectivo,FAC-20250115-509
2025-01-15,4,5,426,1.26,Tarjeta,FAC-20250115-634
2025-01-15,4,5,88,1.26,Crédito,FAC-20250115-487
2025-01-15,5,5,79,1.81,Efectivo,FAC-20250115-847
2025-01-16,4,3,282,1.96,Crédito,FAC-20250116-672
2025-01-16,3,2,13,2.84,Transferencia,FAC-20250116-342
2025-01-16,4,1,350,1.75,Crédito,FAC-20250116-344
2025-01-16,3,4,55,3.47,Tarjeta,FAC-20250116-359
2025-01-16,3,5,12,1.63,Tarjeta,FAC-20250116-932
2025-01-16,2,5,21,1.84,Crédito,FAC-20250116-241
2025-01-16,1,1,314,2.0,Tarjeta,FAC-20250116-578
2025-01-16,4,5,402,1.26,Transferencia,FAC-20250116-227
2025-01-16,4,1,500,1.75,Tarjeta,FAC-20250116-482
2025-01-16,3,1,100,2.62,Transferencia,FAC-20250116-415
2025-01-17,5,1,46,2.49,Efectivo,FAC-20250117-945
2025-01-17,2,5,79,1.93,Efectivo,FAC-20250117-975
2025-01-17,2,5,69,1.69,Efectivo,FAC-20250117-186
2025-01-17,4,3,358,1.96,Efectivo,FAC-20250117-615
2025-01-17,2,5,92,1.85,Efectivo,FAC-20250117-471
2025-01-17,2,5,14,1.95,Crédito,FAC-20250117-154
2025-01-17,5,3,69,2.59,Tarjeta,FAC-20250117-974
2025-01-17,2,5,87,1.9,Tarjeta,FAC-20250117-649
2025-01-18,1,2,424,2.4,Transferencia,FAC-20250118-154
2025-01-18,3,3,78,2.88,Transferencia,FAC-20250118-387
2025-01-18,5,1,76,2.49,Tarjeta,FAC-20250118-936
2025-01-18,4,3,481,1.96,Crédito,FAC-20250118-998
2025-01-19,3,2,24,3.07,Crédito,FAC-20250119-501
2025-01-19,1,3,460,2.24,Tarjeta,FAC-20250119-451
2025-01-19,4,2,313,2.1,Transferencia,FAC-20250119-713
2025-01-20,5,4,44,3.42,Transferencia,FAC-20250120-838
2025-01-20,1,3,339,2.24,Tarjeta,FAC-20250120-320
2025-01-20,3,4,94,3.5,Crédito,FAC-20250120-546
2025-01-21,5,3,56,3.01,Crédito,FAC-20250121-174
2025-01-21,1,2,53,2.4,Crédito,FAC-20250121-191
2025-01-21,3,3,98,2.68,Crédito,FAC-20250121-137
2025-01-21,1,5,144,1.44,Transferencia,FAC-20250121-324
2025-01-21,4,1,450,1.75,Tarjeta,FAC-20250121-947
2025-01-21,1,4,301,2.56,Efectivo,FAC-20250121-649
2025-01-22,2,3,28,2.78,Efectivo,FAC-20250122-754
2025-01-22,3,4,14,3.15,Tarjeta,FAC-20250122-859
2025-01-22,1,5,258,1.44,Tarjeta,FAC-20250122-651
2025-01-22,4,1,148,1.75,Efectivo,FAC-20250122-377
2025-01-22,5,4,19,2.97,Efectivo,FAC-20250122-735
2025-01-22,3,3,44,2.74,Efectivo,FAC-20250122-526
2025-01-22,4,3,175,1.96,Tarjeta,FAC-20250122-294
2025-01-23,4,3,474,1.96,Transferencia,FAC-20250123-166
2025-01-23,1,1,219,2.0,Tarjeta,FAC-20250123-791
2025-01-23,4,5,148,1.26,Tarjeta,FAC-20250123-890
2025-01-24,2,4,96,3.11,Tarjeta,FAC-20250124-939
2025-01-24,1,5,76,1.44,Transferencia,FAC-20250124-898
2025-01-24,1,4,286,2.56,Tarjeta,FAC-20250124-210
2025-01-25,4,5,361,1.26,Transferencia,FAC-20250125-493
2025-01-25,4,4,360,2.24,Crédito,FAC-20250125-350
2025-01-25,1,2,405,2.4,Crédito,FAC-20250125-176
2025-01-26,4,5,234,1.26,Tarjeta,FAC-20250126-351
2025-01-26,3,1,14,2.59,Efectivo,FAC-20250126-507
2025-01-26,5,3,29,2.66,Tarjeta,FAC-20250126-301
2025-01-26,3,4,18,3.38,Transferencia,FAC-20250126-870
2025-01-26,5,3,48,2.83,Transferencia,FAC-20250126-208
2025-01-26,1,4,83,2.56,Tarjeta,FAC-20250126-406
2025-01-26,5,2,93,3.12,Efectivo,FAC-20250126-816
2025-01-26,1,1,217,2.0,Crédito,FAC-20250126-913
2025-01-27,4,5,199,1.26,Crédito,FAC-20250127-145
2025-01-27,2,3,41,3.0,Transferencia,FAC-20250127-912
2025-01-27,1,5,341,1.44,Efectivo,FAC-20250127-340
2025-01-27,3,4,53,3.38,Tarjeta,FAC-20250127-470
2025-01-27,2,4,35,2.92,Crédito,FAC-20250127-281
2025-01-27,5,2,81,2.79,Transferencia,FAC-20250127-708
2025-01-27,2,5,31,1.93,Transferencia,FAC-20250127-771
2025-01-27,3,1,87,2.53,Efectivo,FAC-20250127-910
2025-01-27,1,3,433,2.24,Tarjeta,FAC-20250127-724
2025-01-28,4,5,332,1.26,Tarjeta,FAC-20250128-874
2025-01-28,5,1,97,2.33,Efectivo,FAC-20250128-132
2025-01-28,3,2,92,3.19,Efectivo,FAC-20250128-716
2025-01-28,3,2,99,2.85,Transferencia,FAC-20250128-730
2025-01-29,1,2,197,2.4,Crédito,FAC-20250129-857
2025-01-29,1,2,206,2.4,Tarjeta,FAC-20250129-595
2025-01-29,2,1,48,2.59,Transferencia,FAC-20250129-997
2025-01-30,2,1,69,2.66,Transferencia,FAC-20250130-121
2025-01-30,1,1,54,2.0,Crédito,FAC-20250130-213
2025-01-30,1,3,136,2.24,Tarjeta,FAC-20250130-575
2025-01-30,4,3,67,1.96,Efectivo,FAC-20250130-791
2025-01-30,3,3,15,2.64,Crédito,FAC-20250130-946
2025-01-31,4,2,66,2.1,Crédito,FAC-20250131-611
2025-01-31,4,1,207,1.75,Efectivo,FAC-20250131-140
2025-01-31,1,3,88,2.24,Tarjeta,FAC-20250131-649
2025-01-31,1,2,239,2.4,Efectivo,FAC-20250131-991
2025-02-01,2,3,18,2.53,Crédito,FAC-20250201-908
2025-02-01,4,1,130,1.75,Tarjeta,FAC-20250201-610
2025-02-01,1,4,140,2.56,Transferencia,FAC-20250201-941
2025-02-01,5,1,24,2.47,Crédito,FAC-20250201-817
2025-02-01,3,1,62,2.54,Tarjeta,FAC-20250201-639
2025-02-01,1,5,193,1.44,Efectivo,FAC-20250201-731
2025-02-02,4,4,107,2.24,Transferencia,FAC-20250202-130
2025-02-02,1,5,364,1.44,Tarjeta,FAC-20250202-370
2025-02-02,5,1,92,2.5,Crédito,FAC-20250202-572
2025-02-02,5,5,11,1.75,Crédito,FAC-20250202-312
2025-02-02,1,2,417,2.4,Crédito,FAC-20250202-537
2025-02-02,4,4,127,2.24,Tarjeta,FAC-20250202-796
2025-02-02,1,1,395,2.0,Tarjeta,FAC-20250202-599
2025-02-02,3,2,44,2.79,Tarjeta,FAC-20250202-849
2025-02-02,3,3,68,2.71,Efectivo,FAC-20250202-103
2025-02-02,5,1,94,2.7,Transferencia,FAC-20250202-440
2025-02-03,2,1,93,2.35,Efectivo,FAC-20250203-355
2025-02-03,5,2,44,2.88,Crédito,FAC-20250203-513
2025-02-03,1,2,118,2.4,Crédito,FAC-20250203-653
2025-02-03,4,4,323,2.24,Efectivo,FAC-20250203-654
2025-02-03,4,5,316,1.26,Crédito,FAC-20250203-475
2025-02-04,4,3,358,1.96,Crédito,FAC-20250204-226
2025-02-04,4,1,427,1.75,Efectivo,FAC-20250204-235
2025-02-04,5,5,52,1.72,Transferencia,FAC-20250204-277
2025-02-04,2,2,48,3.07,Efectivo,FAC-20250204-891
2025-02-04,2,2,22,2.9,Tarjeta,FAC-20250204-749
2025-02-04,4,5,163,1.26,Crédito,FAC-20250204-643
2025-02-04,4,3,127,1.96,Tarjeta,FAC-20250204-510
2025-02-04,4,1,405,1.75,Tarjeta,FAC-20250204-421
2025-02-04,1,5,393,1.44,Efectivo,FAC-20250204-732
2025-02-04,2,2,92,3.21,Efectivo,FAC-20250204-910
2025-02-05,4,5,283,1.26,Transferencia,FAC-20250205-608
2025-02-05,4,2,494,2.1,Efectivo,FAC-20250205-284
2025-02-05,1,2,369,2.4,Transferencia,FAC-20250205-394
2025-02-05,4,1,71,1.75,Tarjeta,FAC-20250205-107
2025-02-05,5,5,81,1.95,Tarjeta,FAC-20250205-692
2025-02-05,4,1,133,1.75,Efectivo,FAC-20250205-605
2025-02-05,4,2,141,2.1,Efectivo,FAC-20250205-816
2025-02-05,2,4,72,2.9,Crédito,FAC-20250205-439
2025-02-06,3,5,96,1.91,Transferencia,FAC-20250206-652
2025-02-06,1,5,307,1.44,Tarjeta,FAC-20250206-382
2025-02-06,4,1,367,1.75,Crédito,FAC-20250206-779
2025-02-07,4,1,479,1.75,Transferencia,FAC-20250207-607
2025-02-07,2,3,41,2.65,Crédito,FAC-20250207-832
2025-02-07,5,4,34,2.91,Tarjeta,FAC-20250207-745
2025-02-07,2,2,32,2.85,Efectivo,FAC-20250207-442
2025-02-07,5,5,66,1.74,Efectivo,FAC-20250207-588
2025-02-07,2,2,50,2.82,Efectivo,FAC-20250207-125
2025-02-07,4,5,299,1.26,Tarjeta,FAC-20250207-818
2025-02-07,1,5,329,1.44,Transferencia,FAC-20250207-326
2025-02-07,3,4,48,2.99,Transferencia,FAC-20250207-430
2025-02-08,3,2,39,3.18,Crédito,FAC-20250208-454
2025-02-08,2,2,77,2.78,Crédito,FAC-20250208-778
2025-02-08,2,4,80,3.29,Transferencia,FAC-20250208-894
2025-02-08,5,2,53,3.05,Crédito,FAC-20250208-421
2025-02-09,1,1,128,2.0,Tarjeta,FAC-20250209-316
2025-02-09,5,1,23,2.72,Crédito,FAC-20250209-149
2025-02-09,2,2,62,3.17,Tarjeta,FAC-20250209-384
2025-02-09,4,1,271,1.75,Crédito,FAC-20250209-262
2025-02-09,2,1,100,2.32,Transferencia,FAC-20250209-622
2025-02-09,2,1,92,2.62,Transferencia,FAC-20250209-992
2025-02-09,4,5,125,1.26,Efectivo,FAC-20250209-669
2025-02-10,2,2,62,3.04,Efectivo,FAC-20250210-617
2025-02-10,3,1,69,2.28,Crédito,FAC-20250210-116
2025-02-10,4,2,218,2.1,Transferencia,FAC-20250210-182
2025-02-11,4,5,359,1.26,Efectivo,FAC-20250211-789
2025-02-11,1,2,210,2.4,Efectivo,FAC-20250211-709
2025-02-11,5,1,23,2.34,Tarjeta,FAC-20250211-773
2025-02-11,1,5,52,1.44,Efectivo,FAC-20250211-557
2025-02-11,4,4,154,2.24,Efectivo,FAC-20250211-218
2025-02-11,2,3,69,2.7,Efectivo,FAC-20250211-746
2025-02-12,4,5,191,1.26,Efectivo,FAC-20250212-891
2025-02-12,4,1,453,1.75,Crédito,FAC-20250212-364
2025-02-12,3,2,91,3.02,Tarjeta,FAC-20250212-816
2025-02-12,5,5,49,1.75,Tarjeta,FAC-20250212-215
2025-02-12,3,2,39,2.74,Tarjeta,FAC-20250212-587
2025-02-12,1,2,438,2.4,Efectivo,FAC-20250212-804
2025-02-12,4,1,193,1.75,Tarjeta,FAC-20250212-192
2025-02-12,2,5,57,1.87,Transferencia,FAC-20250212-159
2025-02-12,5,5,97,1.8,Tarjeta,FAC-20250212-673
2025-02-12,5,3,65,2.54,Efectivo,FAC-20250212-287
2025-02-13,4,5,280,1.26,Efectivo,FAC-20250213-927
2025-02-13,4,2,367,2.1,Efectivo,FAC-20250213-941
2025-02-13,1,3,474,2.24,Efectivo,FAC-20250213-202
2025-02-13,5,3,44,3.02,Transferencia,FAC-20250213-558
2025-02-13,2,4,85,3.44,Transferencia,FAC-20250213-515
2025-02-14,2,1,30,2.58,Crédito,FAC-20250214-777
2025-02-14,5,5,67,1.97,Crédito,FAC-20250214-877
2025-02-14,5,1,57,2.72,Efectivo,FAC-20250214-453
2025-02-14,2,5,73,1.94,Crédito,FAC-20250214-504
2025-02-14,5,2,41,2.87,Tarjeta,FAC-20250214-205
2025-02-14,5,3,21,3.07,Transferencia,FAC-20250214-648
2025-02-14,2,3,16,2.83,Crédito,FAC-20250214-235
2025-02-14,1,2,176,2.4,Crédito,FAC-20250214-739
2025-02-14,1,3,60,2.24,Crédito,FAC-20250214-439
2025-02-15,4,3,65,1.96,Crédito,FAC-20250215-916
2025-02-15,2,4,28,3.43,Crédito,FAC-20250215-549
2025-02-15,1,3,485,2.24,Crédito,FAC-20250215-551
2025-02-15,1,4,445,2.56,Crédito,FAC-20250215-446
2025-02-15,3,4,45,3.15,Transferencia,FAC-20250215-903
2025-02-15,5,3,18,2.71,Crédito,FAC-20250215-631
2025-02-16,4,5,360,1.26,Efectivo,FAC-20250216-431
2025-02-16,5,1,14,2.55,Crédito,FAC-20250216-712
2025-02-16,4,3,299,1.96,Efectivo,FAC-20250216-914
2025-02-16,3,3,41,3.03,Transferencia,FAC-20250216-262
2025-02-16,5,1,25,2.26,Efectivo,FAC-20250216-569
2025-02-16,5,1,19,2.3,Tarjeta,FAC-20250216-776
2025-02-16,1,2,173,2.4,Efectivo,FAC-20250216-761
2025-02-17,4,1,191,1.75,Tarjeta,FAC-20250217-595
2025-02-17,2,5,27,1.87,Efectivo,FAC-20250217-495
2025-02-17,3,1,94,2.38,Efectivo,FAC-20250217-922
2025-02-17,5,3,85,2.84,Crédito,FAC-20250217-650
2025-02-17,2,2,25,2.77,Tarjeta,FAC-20250217-697
2025-02-17,2,2,83,2.93,Transferencia,FAC-20250217-287
2025-02-17,4,1,431,1.75,Efectivo,FAC-20250217-206
2025-02-18,4,4,479,2.24,Tarjeta,FAC-20250218-116
2025-02-18,1,5,432,1.44,Transferencia,FAC-20250218-378
2025-02-18,3,3,84,2.81,Efectivo,FAC-20250218-117
2025-02-18,1,1,294,2.0,Transferencia,FAC-20250218-317
2025-02-18,5,5,62,1.63,Transferencia,FAC-20250218-566
2025-02-18,4,4,273,2.24,Transferencia,FAC-20250218-798
2025-02-18,4,2,392,2.1,Efectivo,FAC-20250218-598
2025-02-18,4,3,319,1.96,Tarjeta,FAC-20250218-211
2025-02-18,5,1,69,2.45,Efectivo,FAC-20250218-382
2025-02-18,3,1,76,2.51,Tarjeta,FAC-20250218-600
2025-02-19,1,4,380,2.56,Transferencia,FAC-20250219-461
2025-02-19,3,5,29,1.75,Crédito,FAC-20250219-800
2025-02-19,1,3,469,2.24,Tarjeta,FAC-20250219-812
2025-02-19,3,1,27,2.58,Crédito,FAC-20250219-580
2025-02-20,2,4,62,3.42,Tarjeta,FAC-20250220-190
2025-02-20,2,5,46,1.65,Efectivo,FAC-20250220-927
2025-02-20,4,4,431,2.24,Efectivo,FAC-20250220-464
2025-02-20,3,4,42,3.4,Transferencia,FAC-20250220-860
2025-02-20,3,3,54,2.85,Efectivo,FAC-20250220-553
2025-02-20,2,3,94,2.99,Crédito,FAC-20250220-911
2025-02-20,5,4,72,2.98,Tarjeta,FAC-20250220-555
2025-02-20,3,2,48,2.8,Tarjeta,FAC-20250220-427
2025-02-20,3,5,98,1.63,Efectivo,FAC-20250220-238
2025-02-21,1,1,434,2.0,Tarjeta,FAC-20250221-279
2025-02-21,3,3,31,2.59,Efectivo,FAC-20250221-446
2025-02-21,4,1,316,1.75,Efectivo,FAC-20250221-882
2025-02-21,3,2,62,2.86,Tarjeta,FAC-20250221-251
2025-02-21,1,4,248,2.56,Transferencia,FAC-20250221-920
2025-02-21,2,1,92,2.36,Efectivo,FAC-20250221-290
2025-02-21,1,1,134,2.0,Transferencia,FAC-20250221-587
2025-02-22,4,2,465,2.1,Transferencia,FAC-20250222-523
2025-02-22,1,2,266,2.4,Efectivo,FAC-20250222-997
2025-02-22,1,1,424,2.0,Transferencia,FAC-20250222-435
2025-02-22,3,5,37,1.71,Crédito,FAC-20250222-322
2025-02-22,2,4,90,3.06,Tarjeta,FAC-20250222-541
2025-02-22,1,5,483,1.44,Efectivo,FAC-20250222-111
2025-02-22,2,4,90,2.93,Efectivo,FAC-20250222-559
2025-02-22,4,3,311,1.96,Efectivo,FAC-20250222-811
2025-02-22,3,3,34,2.7,Efectivo,FAC-20250222-457
2025-02-22,1,3,170,2.24,Tarjeta,FAC-20250222-942
2025-02-23,2,3,37,2.71,Crédito,FAC-20250223-974
2025-02-23,3,5,89,1.83,Tarjeta,FAC-20250223-695
2025-02-23,2,1,55,2.57,Efectivo,FAC-20250223-257
2025-02-23,4,5,107,1.26,Efectivo,FAC-20250223-228
2025-02-23,4,1,402,1.75,Tarjeta,FAC-20250223-407
2025-02-23,2,2,61,3.24,Tarjeta,FAC-20250223-482
2025-02-24,2,2,56,3.12,Crédito,FAC-20250224-143
2025-02-24,3,1,20,2.42,Crédito,FAC-20250224-871
2025-02-24,2,2,44,3.1,Crédito,FAC-20250224-519
2025-02-24,4,4,421,2.24,Efectivo,FAC-20250224-333
2025-02-24,1,3,284,2.24,Transferencia,FAC-20250224-259
2025-02-24,2,1,74,2.59,Efectivo,FAC-20250224-446
2025-02-24,5,2,77,2.77,Tarjeta,FAC-20250224-313
2025-02-25,2,5,80,1.77,Efectivo,FAC-20250225-931
2025-02-25,5,1,83,2.34,Transferencia,FAC-20250225-187
2025-02-25,1,5,220,1.44,Crédito,FAC-20250225-892
2025-02-25,4,4,55,2.24,Crédito,FAC-20250225-825
2025-02-25,5,3,76,2.76,Tarjeta,FAC-20250225-758
2025-02-25,2,3,64,3.0,Efectivo,FAC-20250225-535
2025-02-25,2,5,33,1.77,Crédito,FAC-20250225-439
2025-02-25,2,5,84,1.82,Transferencia,FAC-20250225-864
2025-02-25,4,3,128,1.96,Efectivo,FAC-20250225-427
2025-02-26,1,1,391,2.0,Transferencia,FAC-20250226-702
2025-02-26,4,1,415,1.75,Tarjeta,FAC-20250226-962
2025-02-26,4,3,366,1.96,Crédito,FAC-20250226-119
2025-02-26,5,2,26,3.14,Crédito,FAC-20250226-691
2025-02-26,5,2,54,3.2,Tarjeta,FAC-20250226-570
2025-02-26,4,3,284,1.96,Tarjeta,FAC-20250226-875
2025-02-26,1,4,148,2.56,Crédito,FAC-20250226-633
2025-02-27,5,5,69,1.89,Tarjeta,FAC-20250227-374
2025-02-27,2,3,100,2.82,Crédito,FAC-20250227-257
2025-02-27,2,4,54,3.36,Crédito,FAC-20250227-307
2025-02-27,5,4,52,3.21,Efectivo,FAC-20250227-165
2025-02-27,3,4,70,2.97,Crédito,FAC-20250227-716
2025-02-28,4,5,495,1.26,Efectivo,FAC-20250228-575
2025-02-28,5,4,90,3.39,Transferencia,FAC-20250228-193
2025-02-28,2,5,29,1.83,Transferencia,FAC-20250228-532
2025-03-01,1,4,162,2.56,Tarjeta,FAC-20250301-345
2025-03-01,3,5,29,1.97,Crédito,FAC-20250301-377
2025-03-01,1,5,91,1.44,Efectivo,FAC-20250301-624
2025-03-01,3,3,33,3.01,Transferencia,FAC-20250301-418
2025-03-01,2,3,65,2.75,Tarjeta,FAC-20250301-175
2025-03-01,5,4,56,3.42,Crédito,FAC-20250301-413
2025-03-01,2,4,69,2.88,Tarjeta,FAC-20250301-404
2025-03-01,1,2,308,2.4,Efectivo,FAC-20250301-875
2025-03-01,5,5,60,1.82,Crédito,FAC-20250301-779
2025-03-01,4,4,350,2.24,Transferencia,FAC-20250301-897
2025-03-02,5,1,92,2.31,Tarjeta,FAC-20250302-794
2025-03-02,1,3,257,2.24,Efectivo,FAC-20250302-440
2025-03-02,2,5,43,1.71,Transferencia,FAC-20250302-712
2025-03-02,3,3,12,2.63,Crédito,FAC-20250302-975
2025-03-02,5,5,58,1.87,Efectivo,FAC-20250302-640
2025-03-02,1,1,386,2.0,Efectivo,FAC-20250302-394
2025-03-02,1,4,261,2.56,Crédito,FAC-20250302-940
2025-03-02,5,4,20,3.3,Crédito,FAC-20250302-104
2025-03-02,3,1,82,2.58,Efectivo,FAC-20250302-665
2025-03-03,3,2,64,2.75,Tarjeta,FAC-20250303-630
2025-03-03,1,3,477,2.24,Tarjeta,FAC-20250303-113
2025-03-03,2,2,27,3.04,Transferencia,FAC-20250303-975
2025-03-03,5,2,11,3.3,Transferencia,FAC-20250303-693
2025-03-03,5,2,81,2.97,Tarjeta,FAC-20250303-752
2025-03-04,5,4,60,3.28,Transferencia,FAC-20250304-387
2025-03-04,1,4,422,2.56,Crédito,FAC-20250304-596
2025-03-04,5,3,23,2.77,Tarjeta,FAC-20250304-694
2025-03-04,1,2,196,2.4,Transferencia,FAC-20250304-792
2025-03-04,1,4,458,2.56,Tarjeta,FAC-20250304-690
2025-03-05,2,5,53,1.87,Crédito,FAC-20250305-249
2025-03-05,1,5,247,1.44,Efectivo,FAC-20250305-799
2025-03-05,4,5,379,1.26,Efectivo,FAC-20250305-714
2025-03-06,1,3,415,2.24,Tarjeta,FAC-20250306-339
2025-03-06,4,2,52,2.1,Transferencia,FAC-20250306-480
2025-03-06,5,5,98,1.66,Transferencia,FAC-20250306-325
2025-03-06,1,5,182,1.44,Transferencia,FAC-20250306-931
2025-03-06,1,4,295,2.56,Efectivo,FAC-20250306-407
2025-03-07,4,4,386,2.24,Efectivo,FAC-20250307-210
2025-03-07,3,5,10,1.82,Crédito,FAC-20250307-539
2025-03-07,4,5,228,1.26,Crédito,FAC-20250307-253
2025-03-07,3,2,92,2.88,Efectivo,FAC-20250307-449
2025-03-07,4,1,364,1.75,Crédito,FAC-20250307-165
2025-03-08,3,2,72,2.82,Crédito,FAC-20250308-607
2025-03-08,5,2,62,3.0,Transferencia,FAC-20250308-259
2025-03-08,5,2,43,2.94,Transferencia,FAC-20250308-909
2025-03-08,2,3,77,2.58,Efectivo,FAC-20250308-628
2025-03-08,1,5,496,1.44,Tarjeta,FAC-20250308-133
2025-03-08,1,4,342,2.56,Transferencia,FAC-20250308-670
2025-03-08,3,5,19,1.79,Transferencia,FAC-20250308-131
2025-03-08,4,1,445,1.75,Transferencia,FAC-20250308-389
2025-03-08,5,2,73,2.9,Efectivo,FAC-20250308-200
2025-03-08,3,2,92,3.28,Transferencia,FAC-20250308-253
2025-03-09,2,4,15,3.51,Transferencia,FAC-20250309-382
2025-03-09,5,3,66,2.69,Efectivo,FAC-20250309-583
2025-03-09,4,2,81,2.1,Tarjeta,FAC-20250309-957
2025-03-09,1,4,249,2.56,Crédito,FAC-20250309-505
2025-03-09,4,1,139,1.75,Efectivo,FAC-20250309-158
2025-03-09,1,3,124,2.24,Tarjeta,FAC-20250309-327
2025-03-09,1,1,443,2.0,Crédito,FAC-20250309-869
2025-03-09,5,4,97,3.15,Crédito,FAC-20250309-387
2025-03-09,3,2,12,3.28,Crédito,FAC-20250309-363
2025-03-09,1,4,483,2.56,Crédito,FAC-20250309-204
2025-03-10,5,1,33,2.72,Transferencia,FAC-20250310-393
2025-03-10,3,4,85,3.43,Transferencia,FAC-20250310-951
2025-03-10,5,3,72,2.6,Efectivo,FAC-20250310-370
2025-03-10,4,3,260,1.96,Tarjeta,FAC-20250310-631
2025-03-10,1,5,340,1.44,Crédito,FAC-20250310-982
2025-03-10,4,1,55,1.75,Transferencia,FAC-20250310-209
2025-03-10,5,3,54,2.96,Crédito,FAC-20250310-850
2025-03-10,3,4,49,3.08,Transferencia,FAC-20250310-483
2025-03-10,4,4,360,2.24,Transferencia,FAC-20250310-373
2025-03-10,3,3,50,2.87,Tarjeta,FAC-20250310-865
2025-03-11,3,2,30,3.27,Tarjeta,FAC-20250311-967
2025-03-11,4,1,242,1.75,Efectivo,FAC-20250311-889
2025-03-11,3,1,18,2.57,Transferencia,FAC-20250311-310
2025-03-11,4,2,393,2.1,Transferencia,FAC-20250311-785
2025-03-11,5,3,37,2.85,Tarjeta,FAC-20250311-804
2025-03-11,1,5,62,1.44,Efectivo,FAC-20250311-351
2025-03-12,3,4,72,3.48,Efectivo,FAC-20250312-228
2025-03-12,4,1,151,1.75,Transferencia,FAC-20250312-617
2025-03-12,4,5,378,1.26,Crédito,FAC-20250312-785
2025-03-12,5,1,71,2.46,Transferencia,FAC-20250312-206
2025-03-12,2,2,97,2.81,Transferencia,FAC-20250312-998
2025-03-12,5,5,66,1.81,Transferencia,FAC-20250312-601
2025-03-12,5,5,65,1.78,Crédito,FAC-20250312-182
2025-03-12,1,2,188,2.4,Transferencia,FAC-20250312-383
2025-03-12,1,3,367,2.24,Efectivo,FAC-20250312-500
2025-03-13,3,3,43,2.66,Crédito,FAC-20250313-861
2025-03-13,2,1,41,2.45,Efectivo,FAC-20250313-525
2025-03-13,5,1,29,2.33,Efectivo,FAC-20250313-281
2025-03-13,2,3,43,2.58,Transferencia,FAC-20250313-429
2025-03-13,3,5,33,1.83,Transferencia,FAC-20250313-114
2025-03-13,2,3,66,2.99,Transferencia,FAC-20250313-556
2025-03-13,4,3,325,1.96,Tarjeta,FAC-20250313-572
2025-03-14,1,4,237,2.56,Crédito,FAC-20250314-478
2025-03-14,3,2,93,2.81,Efectivo,FAC-20250314-976
2025-03-14,5,2,38,2.78,Efectivo,FAC-20250314-561
2025-03-14,1,1,194,2.0,Transferencia,FAC-20250314-839
2025-03-14,3,1,68,2.6,Tarjeta,FAC-20250314-318
2025-03-14,4,3,362,1.96,Tarjeta,FAC-20250314-474
2025-03-14,5,4,21,3.4,Crédito,FAC-20250314-653
2025-03-14,5,5,42,1.86,Tarjeta,FAC-20250314-369
2025-03-14,4,4,369,2.24,Transferencia,FAC-20250314-823
2025-03-15,4,4,320,2.24,Transferencia,FAC-20250315-214
2025-03-15,5,1,83,2.69,Efectivo,FAC-20250315-886
2025-03-15,5,2,61,2.78,Transferencia,FAC-20250315-718
2025-03-15,1,2,91,2.4,Crédito,FAC-20250315-455
2025-03-15,1,5,404,1.44,Efectivo,FAC-20250315-893
2025-03-15,3,3,39,2.98,Tarjeta,FAC-20250315-542
2025-03-15,2,1,25,2.52,Transferencia,FAC-20250315-897
2025-03-15,2,2,45,3.04,Efectivo,FAC-20250315-679
2025-03-15,5,1,24,2.69,Crédito,FAC-20250315-597
2025-03-16,4,4,297,2.24,Tarjeta,FAC-20250316-714
2025-03-16,3,3,69,3.02,Crédito,FAC-20250316-343
2025-03-16,5,2,77,2.7,Tarjeta,FAC-20250316-524
2025-03-16,2,2,74,3.03,Transferencia,FAC-20250316-918
2025-03-16,2,4,10,3.0,Efectivo,FAC-20250316-697
2025-03-17,1,1,438,2.0,Tarjeta,FAC-20250317-951
2025-03-17,4,3,339,1.96,Crédito,FAC-20250317-583
2025-03-17,3,2,41,2.75,Crédito,FAC-20250317-862
2025-03-17,5,2,84,2.85,Tarjeta,FAC-20250317-988
2025-03-17,4,2,191,2.1,Crédito,FAC-20250317-543
2025-03-18,5,3,48,2.62,Efectivo,FAC-20250318-807
2025-03-18,1,5,131,1.44,Efectivo,FAC-20250318-238
2025-03-18,1,4,297,2.56,Crédito,FAC-20250318-284
2025-03-18,5,4,46,3.08,Crédito,FAC-20250318-931
2025-03-18,3,3,53,2.93,Crédito,FAC-20250318-915
2025-03-18,3,1,97,2.72,Efectivo,FAC-20250318-193
2025-03-18,3,1,52,2.72,Tarjeta,FAC-20250318-159
2025-03-18,4,2,370,2.1,Efectivo,FAC-20250318-161
2025-03-18,5,2,40,3.25,Crédito,FAC-20250318-611
2025-03-19,3,3,48,2.8,Crédito,FAC-20250319-838
2025-03-19,1,2,428,2.4,Efectivo,FAC-20250319-295
2025-03-19,5,1,22,2.53,Transferencia,FAC-20250319-193
2025-03-19,2,3,47,2.88,Efectivo,FAC-20250319-134
2025-03-19,2,5,30,1.91,Efectivo,FAC-20250319-534
2025-03-19,2,1,99,2.41,Crédito,FAC-20250319-823
2025-03-20,3,2,87,3.16,Transferencia,FAC-20250320-927
2025-03-20,2,5,59,1.71,Crédito,FAC-20250320-824
2025-03-20,5,1,96,2.61,Transferencia,FAC-20250320-549
2025-03-20,2,5,69,1.73,Tarjeta,FAC-20250320-929
2025-03-20,4,4,270,2.24,Crédito,FAC-20250320-916
2025-03-20,3,5,78,1.8,Transferencia,FAC-20250320-240
2025-03-21,5,5,90,1.71,Crédito,FAC-20250321-864
2025-03-21,5,1,21,2.42,Transferencia,FAC-20250321-895
2025-03-21,3,3,42,2.91,Transferencia,FAC-20250321-940
2025-03-21,4,1,210,1.75,Transferencia,FAC-20250321-268
2025-03-21,3,3,98,2.57,Crédito,FAC-20250321-224
2025-03-21,1,2,442,2.4,Tarjeta,FAC-20250321-988
2025-03-21,5,4,46,2.99,Efectivo,FAC-20250321-686
2025-03-21,5,4,76,3.21,Tarjeta,FAC-20250321-746
2025-03-22,1,5,406,1.44,Crédito,FAC-20250322-481
2025-03-22,2,1,56,2.43,Crédito,FAC-20250322-131
2025-03-22,1,5,338,1.44,Crédito,FAC-20250322-710
2025-03-22,3,2,48,3.29,Efectivo,FAC-20250322-838
2025-03-23,5,2,64,3.05,Transferencia,FAC-20250323-504
2025-03-23,4,1,483,1.75,Crédito,FAC-20250323-160
2025-03-23,3,5,25,1.71,Tarjeta,FAC-20250323-905
2025-03-23,3,5,35,1.7,Transferencia,FAC-20250323-407
2025-03-23,3,3,70,2.62,Efectivo,FAC-20250323-999
2025-03-23,1,5,123,1.44,Crédito,FAC-20250323-215
2025-03-24,4,2,389,2.1,Efectivo,FAC-20250324-743
2025-03-24,1,4,57,2.56,Transferencia,FAC-20250324-310
2025-03-24,2,3,15,2.89,Tarjeta,FAC-20250324-456
2025-03-24,5,4,70,3.33,Transferencia,FAC-20250324-472
2025-03-24,1,3,91,2.24,Efectivo,FAC-20250324-411
2025-03-24,4,3,312,1.96,Efectivo,FAC-20250324-941
2025-03-25,2,5,56,1.82,Crédito,FAC-20250325-771
2025-03-25,1,2,137,2.4,Tarjeta,FAC-20250325-152
2025-03-25,4,1,74,1.75,Tarjeta,FAC-20250325-845
2025-03-25,3,2,95,3.09,Transferencia,FAC-20250325-183
2025-03-25,1,1,432,2.0,Tarjeta,FAC-20250325-721
2025-03-25,2,5,45,1.79,Efectivo,FAC-20250325-833
2025-03-25,4,2,132,2.1,Efectivo,FAC-20250325-155
2025-03-25,3,2,93,2.94,Crédito,FAC-20250325-236
2025-03-25,4,5,133,1.26,Tarjeta,FAC-20250325-601
2025-03-26,1,5,176,1.44,Crédito,FAC-20250326-606
2025-03-26,1,3,290,2.24,Crédito,FAC-20250326-519
2025-03-26,1,1,79,2.0,Tarjeta,FAC-20250326-615
2025-03-26,3,4,22,2.98,Efectivo,FAC-20250326-507
2025-03-26,2,2,52,2.99,Efectivo,FAC-20250326-992
2025-03-26,5,4,22,3.13,Tarjeta,FAC-20250326-763
2025-03-27,2,5,31,1.89,Crédito,FAC-20250327-715
2025-03-27,5,1,87,2.5,Efectivo,FAC-20250327-818
2025-03-27,1,1,161,2.0,Crédito,FAC-20250327-796
2025-03-27,3,3,93,2.63,Tarjeta,FAC-20250327-375
2025-03-28,1,3,457,2.24,Transferencia,FAC-20250328-121
2025-03-28,3,2,85,2.72,Efectivo,FAC-20250328-580
2025-03-28,3,2,58,2.79,Efectivo,FAC-20250328-680
2025-03-28,2,4,58,3.17,Tarjeta,FAC-20250328-103
2025-03-28,4,3,104,1.96,Crédito,FAC-20250328-284
2025-03-28,4,5,425,1.26,Transferencia,FAC-20250328-725
2025-03-28,3,5,48,1.69,Tarjeta,FAC-20250328-460
2025-03-28,3,2,68,2.8,Tarjeta,FAC-20250328-389
2025-03-28,4,4,73,2.24,Efectivo,FAC-20250328-835
2025-03-28,3,5,87,1.66,Efectivo,FAC-20250328-444
2025-03-29,5,3,85,2.53,Efectivo,FAC-20250329-350
2025-03-29,2,3,77,2.87,Transferencia,FAC-20250329-222
2025-03-29,5,1,44,2.7,Crédito,FAC-20250329-817
2025-03-29,5,1,16,2.56,Crédito,FAC-20250329-131
2025-03-29,5,3,92,2.54,Efectivo,FAC-20250329-361
2025-03-29,5,2,28,2.77,Efectivo,FAC-20250329-624
2025-03-30,2,3,24,2.75,Crédito,FAC-20250330-587
2025-03-30,3,2,95,3.08,Transferencia,FAC-20250330-151
2025-03-30,3,3,23,2.82,Efectivo,FAC-20250330-998
2025-03-30,1,2,445,2.4,Efectivo,FAC-20250330-138
2025-03-30,2,4,92,3.51,Efectivo,FAC-20250330-238
2025-03-30,1,2,88,2.4,Transferencia,FAC-20250330-983
2025-03-30,4,2,352,2.1,Tarjeta,FAC-20250330-499
2025-03-30,5,3,30,2.89,Tarjeta,FAC-20250330-787
2025-03-30,1,1,59,2.0,Crédito,FAC-20250330-681
2025-03-30,5,1,16,2.67,Efectivo,FAC-20250330-788
2025-03-31,1,2,153,2.4,Tarjeta,FAC-20250331-273
2025-03-31,5,1,86,2.28,Efectivo,FAC-20250331-958
2025-03-31,1,1,408,2.0,Tarjeta,FAC-20250331-972
2025-03-31,5,3,80,2.63,Efectivo,FAC-20250331-223
2025-03-31,3,4,18,3.46,Crédito,FAC-20250331-560
2025-03-31,2,4,13,3.28,Crédito,FAC-20250331-733
2025-03-31,4,5,70,1.26,Tarjeta,FAC-20250331-808
2025-03-31,1,3,383,2.24,Transferencia,FAC-20250331-489
2025-04-01,2,2,97,3.3,Crédito,FAC-20250401-955
2025-04-01,1,1,72,2.0,Crédito,FAC-20250401-651
2025-04-01,3,5,72,1.87,Tarjeta,FAC-20250401-544
2025-04-02,1,1,472,2.0,Efectivo,FAC-20250402-508
2025-04-02,3,1,18,2.29,Efectivo,FAC-20250402-420
2025-04-02,1,4,388,2.56,Efectivo,FAC-20250402-757
2025-04-02,2,5,18,1.93,Crédito,FAC-20250402-977
2025-04-02,1,5,59,1.44,Crédito,FAC-20250402-715
2025-04-02,2,5,78,1.67,Tarjeta,FAC-20250402-986
2025-04-03,2,3,100,2.72,Transferencia,FAC-20250403-629
2025-04-03,2,5,96,1.64,Tarjeta,FAC-20250403-863
2025-04-03,2,5,18,1.69,Tarjeta,FAC-20250403-614
2025-04-03,2,2,25,2.85,Transferencia,FAC-20250403-897
2025-04-03,2,5,40,1.64,Transferencia,FAC-20250403-242
2025-04-03,1,2,238,2.4,Efectivo,FAC-20250403-368
2025-04-04,5,3,34,2.91,Efectivo,FAC-20250404-573
2025-04-04,3,1,77,2.3,Crédito,FAC-20250404-996
2025-04-04,4,2,434,2.1,Tarjeta,FAC-20250404-719
2025-04-04,3,4,24,3.27,Crédito,FAC-20250404-753
2025-04-04,2,4,70,2.96,Efectivo,FAC-20250404-326
2025-04-04,4,2,424,2.1,Crédito,FAC-20250404-661
2025-04-04,2,2,26,2.97,Efectivo,FAC-20250404-491
2025-04-04,3,3,54,2.64,Crédito,FAC-20250404-379
2025-04-05,5,5,63,1.97,Crédito,FAC-20250405-230
2025-04-05,1,4,334,2.56,Tarjeta,FAC-20250405-297
2025-04-05,3,4,96,3.0,Efectivo,FAC-20250405-810
2025-04-05,4,3,117,1.96,Efectivo,FAC-20250405-177
2025-04-05,3,2,55,2.87,Tarjeta,FAC-20250405-991
2025-04-05,4,4,122,2.24,Tarjeta,FAC-20250405-951
2025-04-06,1,4,73,2.56,Efectivo,FAC-20250406-749
2025-04-06,4,4,221,2.24,Crédito,FAC-20250406-908
2025-04-06,5,2,18,3.07,Crédito,FAC-20250406-425
2025-04-06,2,1,82,2.65,Transferencia,FAC-20250406-957
2025-04-06,5,1,59,2.39,Transferencia,FAC-20250406-620
2025-04-06,4,4,106,2.24,Crédito,FAC-20250406-161
2025-04-06,5,4,54,3.12,Transferencia,FAC-20250406-678
2025-04-06,2,1,51,2.69,Crédito,FAC-20250406-816
2025-04-07,5,2,48,2.78,Crédito,FAC-20250407-549
2025-04-07,3,4,54,2.98,Transferencia,FAC-20250407-423
2025-04-07,5,1,98,2.66,Efectivo,FAC-20250407-623
2025-04-08,5,4,19,3.07,Transferencia,FAC-20250408-590
2025-04-08,2,4,63,3.37,Efectivo,FAC-20250408-819
2025-04-08,5,3,96,2.55,Tarjeta,FAC-20250408-685
2025-04-08,5,4,21,3.42,Transferencia,FAC-20250408-971
2025-04-08,4,1,173,1.75,Efectivo,FAC-20250408-154
2025-04-08,4,5,244,1.26,Efectivo,FAC-20250408-391
2025-04-08,1,2,310,2.4,Crédito,FAC-20250408-680
2025-04-08,5,1,73,2.46,Efectivo,FAC-20250408-770
2025-04-09,4,5,404,1.26,Tarjeta,FAC-20250409-916
2025-04-09,2,1,86,2.6,Crédito,FAC-20250409-261
2025-04-09,3,5,84,1.72,Crédito,FAC-20250409-385
2025-04-09,1,5,464,1.44,Tarjeta,FAC-20250409-968
2025-04-09,5,2,63,3.14,Efectivo,FAC-20250409-316
2025-04-09,2,2,29,3.11,Tarjeta,FAC-20250409-429
2025-04-09,1,4,319,2.56,Transferencia,FAC-20250409-562
2025-04-09,3,1,40,2.72,Efectivo,FAC-20250409-974
2025-04-09,1,3,357,2.24,Tarjeta,FAC-20250409-370
2025-04-10,2,5,16,1.86,Transferencia,FAC-20250410-614
2025-04-10,3,3,28,3.04,Transferencia,FAC-20250410-153
2025-04-10,3,1,52,2.27,Crédito,FAC-20250410-322
2025-04-10,5,2,27,2.85,Efectivo,FAC-20250410-310
2025-04-10,4,1,238,1.75,Transferencia,FAC-20250410-998
2025-04-10,2,4,76,3.5,Crédito,FAC-20250410-683
2025-04-10,3,2,58,3.03,Crédito,FAC-20250410-998
2025-04-10,4,1,70,1.75,Tarjeta,FAC-20250410-470
2025-04-11,2,1,85,2.47,Tarjeta,FAC-20250411-676
2025-04-11,5,5,68,1.64,Crédito,FAC-20250411-206
2025-04-11,3,2,58,3.26,Efectivo,FAC-20250411-693
2025-04-11,5,3,89,2.86,Crédito,FAC-20250411-778
2025-04-11,3,5,92,1.77,Crédito,FAC-20250411-867
2025-04-11,1,5,128,1.44,Crédito,FAC-20250411-578
2025-04-11,4,3,151,1.96,Crédito,FAC-20250411-247
2025-04-11,4,4,174,2.24,Transferencia,FAC-20250411-662
2025-04-12,2,1,70,2.53,Transferencia,FAC-20250412-497
2025-04-12,2,4,77,3.07,Efectivo,FAC-20250412-816
2025-04-12,3,5,32,1.73,Efectivo,FAC-20250412-810
2025-04-12,1,3,358,2.24,Transferencia,FAC-20250412-889
2025-04-12,3,1,47,2.59,Transferencia,FAC-20250412-636
2025-04-13,3,4,60,2.9,Transferencia,FAC-20250413-528
2025-04-13,3,4,14,3.13,Crédito,FAC-20250413-687
2025-04-13,2,2,92,3.07,Transferencia,FAC-20250413-735
2025-04-13,1,5,141,1.44,Transferencia,FAC-20250413-449
2025-04-13,3,1,17,2.37,Transferencia,FAC-20250413-807
2025-04-13,5,1,18,2.53,Tarjeta,FAC-20250413-708
2025-04-13,3,4,48,3.26,Transferencia,FAC-20250413-867
2025-04-13,4,4,138,2.24,Transferencia,FAC-20250413-807
2025-04-13,1,3,214,2.24,Tarjeta,FAC-20250413-257
2025-04-14,2,1,50,2.49,Transferencia,FAC-20250414-905
2025-04-14,1,1,266,2.0,Transferencia,FAC-20250414-928
2025-04-14,4,4,482,2.24,Crédito,FAC-20250414-901
2025-04-14,4,4,497,2.24,Efectivo,FAC-20250414-500
2025-04-14,4,2,372,2.1,Transferencia,FAC-20250414-623
2025-04-14,2,4,68,3.15,Efectivo,FAC-20250414-425
2025-04-14,1,3,268,2.24,Tarjeta,FAC-20250414-617
2025-04-14,4,4,194,2.24,Crédito,FAC-20250414-596
2025-04-14,4,4,76,2.24,Crédito,FAC-20250414-192
2025-04-14,5,2,61,2.98,Tarjeta,FAC-20250414-594
2025-04-15,5,2,45,2.75,Efectivo,FAC-20250415-858
2025-04-15,5,3,62,3.02,Crédito,FAC-20250415-367
2025-04-15,4,5,364,1.26,Transferencia,FAC-20250415-790
2025-04-16,2,5,31,1.81,Efectivo,FAC-20250416-135
2025-04-16,4,5,342,1.26,Crédito,FAC-20250416-725
2025-04-16,3,2,96,2.89,Tarjeta,FAC-20250416-407
2025-04-16,3,4,85,2.98,Tarjeta,FAC-20250416-987
2025-04-16,5,3,82,2.59,Crédito,FAC-20250416-133
2025-04-16,1,1,278,2.0,Transferencia,FAC-20250416-106
2025-04-16,1,2,461,2.4,Efectivo,FAC-20250416-567
2025-04-16,1,3,105,2.24,Crédito,FAC-20250416-912
2025-04-16,1,3,90,2.24,Tarjeta,FAC-20250416-801
2025-04-17,1,3,435,2.24,Efectivo,FAC-20250417-229
2025-04-17,5,1,65,2.66,Crédito,FAC-20250417-913
2025-04-17,4,4,240,2.24,Transferencia,FAC-20250417-750
2025-04-17,4,5,434,1.26,Tarjeta,FAC-20250417-927
2025-04-17,4,3,410,1.96,Efectivo,FAC-20250417-356
2025-04-18,2,3,68,2.72,Tarjeta,FAC-20250418-916
2025-04-18,5,4,33,3.15,Transferencia,FAC-20250418-697
2025-04-18,3,5,83,1.95,Efectivo,FAC-20250418-573
2025-04-18,2,5,67,1.93,Crédito,FAC-20250418-765
2025-04-18,1,2,282,2.4,Tarjeta,FAC-20250418-687
2025-04-19,4,2,137,2.1,Crédito,FAC-20250419-371
2025-04-19,3,5,36,1.69,Transferencia,FAC-20250419-167
2025-04-19,5,3,53,2.85,Efectivo,FAC-20250419-580
2025-04-19,3,5,15,1.74,Crédito,FAC-20250419-299
2025-04-19,5,4,32,3.25,Crédito,FAC-20250419-919
2025-04-19,2,4,58,3.03,Crédito,FAC-20250419-178
2025-04-19,4,1,118,1.75,Crédito,FAC-20250419-405
2025-04-20,1,3,296,2.24,Tarjeta,FAC-20250420-908
2025-04-20,2,2,36,2.96,Transferencia,FAC-20250420-977
2025-04-20,3,1,15,2.68,Efectivo,FAC-20250420-791
2025-04-21,2,1,37,2.62,Efectivo,FAC-20250421-674
2025-04-21,5,5,24,1.97,Efectivo,FAC-20250421-558
2025-04-21,5,3,49,2.55,Transferencia,FAC-20250421-774
2025-04-21,4,5,355,1.26,Crédito,FAC-20250421-595
2025-04-22,5,2,19,3.03,Crédito,FAC-20250422-172
2025-04-22,2,5,53,1.86,Transferencia,FAC-20250422-967
2025-04-22,4,3,365,1.96,Efectivo,FAC-20250422-882
2025-04-22,2,5,36,1.63,Efectivo,FAC-20250422-292
2025-04-22,4,2,271,2.1,Crédito,FAC-20250422-639
2025-04-22,3,5,10,1.69,Crédito,FAC-20250422-222
2025-04-23,5,5,70,1.74,Tarjeta,FAC-20250423-266
2025-04-23,3,3,42,2.89,Tarjeta,FAC-20250423-594
2025-04-23,3,1,18,2.43,Tarjeta,FAC-20250423-836
2025-04-23,1,2,294,2.4,Transferencia,FAC-20250423-509
2025-04-23,4,5,308,1.26,Transferencia,FAC-20250423-583
2025-04-23,5,3,35,2.73,Crédito,FAC-20250423-586
2025-04-24,4,5,316,1.26,Crédito,FAC-20250424-731
2025-04-24,2,4,77,2.97,Transferencia,FAC-20250424-832
2025-04-24,5,2,59,3.04,Tarjeta,FAC-20250424-584
2025-04-24,4,5,314,1.26,Transferencia,FAC-20250424-828
2025-04-24,5,5,22,1.91,Transferencia,FAC-20250424-584
2025-04-24,2,3,62,2.67,Tarjeta,FAC-20250424-929
2025-04-24,5,2,40,3.26,Tarjeta,FAC-20250424-903
2025-04-24,3,2,83,2.73,Efectivo,FAC-20250424-944
2025-04-24,2,1,92,2.56,Tarjeta,FAC-20250424-300
2025-04-25,3,3,64,2.58,Crédito,FAC-20250425-750
2025-04-25,1,3,420,2.24,Transferencia,FAC-20250425-326
2025-04-25,3,1,65,2.67,Crédito,FAC-20250425-950
2025-04-25,1,2,85,2.4,Efectivo,FAC-20250425-769
2025-04-25,3,1,11,2.48,Efectivo,FAC-20250425-310
2025-04-25,3,3,82,2.94,Crédito,FAC-20250425-214
2025-04-25,3,5,20,1.65,Transferencia,FAC-20250425-616
2025-04-26,1,4,480,2.56,Tarjeta,FAC-20250426-998
2025-04-26,3,1,53,2.34,Transferencia,FAC-20250426-258
2025-04-26,2,4,11,3.24,Crédito,FAC-20250426-192
2025-04-26,4,3,284,1.96,Efectivo,FAC-20250426-203
2025-04-26,3,2,56,2.85,Tarjeta,FAC-20250426-727
2025-04-26,1,1,343,2.0,Transferencia,FAC-20250426-213
2025-04-26,3,5,28,1.93,Tarjeta,FAC-20250426-449
2025-04-26,1,1,270,2.0,Efectivo,FAC-20250426-337
2025-04-27,5,4,54,3.23,Tarjeta,FAC-20250427-344
2025-04-27,1,1,403,2.0,Efectivo,FAC-20250427-788
2025-04-27,4,2,282,2.1,Efectivo,FAC-20250427-439
2025-04-27,1,2,336,2.4,Crédito,FAC-20250427-156
2025-04-28,1,2,420,2.4,Efectivo,FAC-20250428-105
2025-04-28,1,5,286,1.44,Transferencia,FAC-20250428-118
2025-04-28,1,5,434,1.44,Transferencia,FAC-20250428-917
2025-04-28,4,3,466,1.96,Crédito,FAC-20250428-964
2025-04-28,3,1,38,2.33,Tarjeta,FAC-20250428-559
2025-04-28,5,4,31,3.24,Crédito,FAC-20250428-398
2025-04-28,2,2,67,2.74,Transferencia,FAC-20250428-732
2025-04-29,5,1,48,2.45,Efectivo,FAC-20250429-189
2025-04-29,3,5,56,1.86,Efectivo,FAC-20250429-669
2025-04-29,5,3,50,3.02,Efectivo,FAC-20250429-922
2025-04-29,2,5,65,1.86,Efectivo,FAC-20250429-346
2025-04-29,3,5,90,1.81,Tarjeta,FAC-20250429-414
2025-04-29,1,4,204,2.56,Crédito,FAC-20250429-959
2025-04-29,2,1,27,2.4,Efectivo,FAC-20250429-746
2025-04-29,1,4,270,2.56,Tarjeta,FAC-20250429-650
2025-04-30,1,2,360,2.4,Crédito,FAC-20250430-746
2025-04-30,1,2,183,2.4,Tarjeta,FAC-20250430-642
2025-04-30,3,4,74,3.24,Transferencia,FAC-20250430-253
2025-04-30,5,2,84,3.05,Crédito,FAC-20250430-540
2025-04-30,1,2,395,2.4,Crédito,FAC-20250430-237
2025-04-30,5,3,23,2.7,Crédito,FAC-20250430-678
2025-04-30,4,1,406,1.75,Crédito,FAC-20250430-269
2025-04-30,2,1,53,2.54,Transferencia,FAC-20250430-746
2025-04-30,1,4,365,2.56,Transferencia,FAC-20250430-238
2025-05-01,2,3,19,2.86,Crédito,FAC-20250501-985
2025-05-01,2,2,89,2.77,Crédito,FAC-20250501-713
2025-05-01,2,4,31,3.13,Tarjeta,FAC-20250501-620
2025-05-01,4,2,419,2.1,Tarjeta,FAC-20250501-220
2025-05-01,2,3,38,2.93,Transferencia,FAC-20250501-987
2025-05-01,2,2,32,2.85,Transferencia,FAC-20250501-345
2025-05-01,4,2,201,2.1,Efectivo,FAC-20250501-857
2025-05-02,2,5,47,1.86,Tarjeta,FAC-20250502-532
2025-05-02,3,2,93,2.79,Crédito,FAC-20250502-454
2025-05-02,4,4,439,2.24,Transferencia,FAC-20250502-710
2025-05-02,4,1,419,1.75,Crédito,FAC-20250502-484
2025-05-02,4,5,61,1.26,Tarjeta,FAC-20250502-577
2025-05-02,4,5,82,1.26,Tarjeta,FAC-20250502-129
2025-05-02,3,3,72,3.04,Transferencia,FAC-20250502-852
2025-05-03,3,4,91,3.17,Efectivo,FAC-20250503-311
2025-05-03,3,2,46,3.2,Crédito,FAC-20250503-449
2025-05-03,5,4,31,3.34,Transferencia,FAC-20250503-346
2025-05-03,5,3,41,2.59,Crédito,FAC-20250503-291
2025-05-03,4,3,123,1.96,Crédito,FAC-20250503-975
2025-05-03,1,1,150,2.0,Tarjeta,FAC-20250503-215
2025-05-03,4,4,87,2.24,Crédito,FAC-20250503-516
2025-05-04,3,3,14,2.84,Crédito,FAC-20250504-406
2025-05-04,3,5,37,1.72,Transferencia,FAC-20250504-653
2025-05-04,5,4,69,3.47,Tarjeta,FAC-20250504-929
2025-05-04,1,3,424,2.24,Efectivo,FAC-20250504-468
2025-05-04,1,3,322,2.24,Efectivo,FAC-20250504-685
2025-05-04,3,2,56,3.17,Crédito,FAC-20250504-628
2025-05-04,2,1,16,2.29,Tarjeta,FAC-20250504-901
2025-05-04,2,5,40,1.93,Efectivo,FAC-20250504-671
2025-05-05,3,1,79,2.69,Tarjeta,FAC-20250505-994
2025-05-05,4,5,181,1.26,Transferencia,FAC-20250505-161
2025-05-05,5,1,59,2.57,Transferencia,FAC-20250505-937
2025-05-05,2,3,95,2.7,Transferencia,FAC-20250505-498
2025-05-05,2,4,13,3.17,Tarjeta,FAC-20250505-981
2025-05-06,1,2,387,2.4,Transferencia,FAC-20250506-108
2025-05-06,5,1,42,2.26,Tarjeta,FAC-20250506-259
2025-05-06,5,3,10,2.91,Transferencia,FAC-20250506-696
2025-05-06,2,2,20,3.19,Efectivo,FAC-20250506-820
2025-05-06,5,1,87,2.31,Tarjeta,FAC-20250506-569
2025-05-06,3,5,70,1.94,Efectivo,FAC-20250506-970
2025-05-06,2,1,64,2.54,Crédito,FAC-20250506-597
2025-05-06,1,5,100,1.44,Transferencia,FAC-20250506-865
2025-05-07,5,4,77,3.36,Tarjeta,FAC-20250507-901
2025-05-07,5,4,52,3.21,Crédito,FAC-20250507-538
2025-05-07,3,5,24,1.88,Efectivo,FAC-20250507-877
2025-05-07,1,1,56,2.0,Efectivo,FAC-20250507-981
2025-05-07,2,5,86,1.91,Tarjeta,FAC-20250507-850
2025-05-07,1,3,102,2.24,Tarjeta,FAC-20250507-736
2025-05-07,2,1,87,2.73,Tarjeta,FAC-20250507-130
2025-05-07,2,3,22,2.98,Tarjeta,FAC-20250507-700
2025-05-07,4,2,396,2.1,Transferencia,FAC-20250507-579
